Cancer Type,Both sexes combined,Female,Male
All cancer types combined,1685210,843820,841390
Acute lymphocytic leukemia,6590,3000,3590
Acute myeloid leukemia,19950,8820,11130
Anus anal canal and anorectum,8080,5160,2920
Bones and joints,3300,1450,1850
Brain and other nervous system,23770,10420,13350
Breast,249260,246660,2600
Cervix,12990,12990,0
Chronic lymphocytic leukemia,18960,8130,10830
Chronic myeloid leukemia,8220,3610,4610
Colorectum,134490,63670,70820
Digestive system,304930,132400,172530
Endocrine system,66730,50530,16200
Esophagus,16910,3450,13460
Eye and orbit,2810,1300,1510
Gallbladder and other biliary,11420,6150,5270
Genital system,297530,105890,191640
Hodgkin lymphoma,8500,3710,4790
Kidney and renal pelvis,62700,23050,39650
Larynx,13430,2880,10550
Leukemia,60140,26050,34090
Liver and intrahepatic bile duct,39230,10820,28410
Lung and bronchus,224390,106470,117920
Lymphoma,81080,36120,44960
Melanoma of the skin,76380,29510,46870
Mouth,12910,5310,7600
Myeloma,30330,12430,17900
Non-Hodgkin lymphoma,72580,32410,40170
Oral cavity and pharynx,48330,13550,34780
Other and unspecified primary sites,34170,16360,17810
Other digestive organs,5270,3160,2110
Other endocrine,2430,1180,1250
Other leukemia,6420,2490,3930
Other non-epithelial skin,7130,2350,4780
Other oral cavity,2900,770,2130
Other respiratory organs,6000,1850,4150
Ovary,22280,22280,0
Pancreas,53070,25400,27670
Penis and other male genital,2030,0,2030
Pharynx,16420,3070,13350
Prostate,180890,0,180890
Respiratory system,243820,111200,132620
Skin (excluding basal and squamous),83510,31860,51650
Small intestine,10090,4700,5390
Soft tissue (including heart),12310,5330,6980
Stomach,26370,9890,16480
Testis,8720,0,8720
Thyroid,64300,49350,14950
Tongue,16100,4400,11700
Ureter and other urinary organs,3530,1210,2320
Urinary bladder,76960,18010,58950
Urinary system,143190,42270,100920
Uterine corpus,60050,60050,0
Vagina and other female genital,4620,4620,0
Vulva,5950,5950,0
