movieId,title,year,genres
593,Silence of the Lambs,1991,Crime|Horror|Thriller
858,Godfather,1972,Crime|Drama
912,Casablanca,1942,Drama|Romance
1136,Monty Python and the Holy Grail,1975,Adventure|Comedy|Fantasy
1213,Goodfellas,1990,Crime|Drama
1221,Godfather: Part II,1974,Crime|Drama
2959,Fight Club,1999,Action|Crime|Drama|Thriller
1,Toy Story,1995,Adventure|Animation|Children|Comedy|Fantasy
608,Fargo,1996,Comedy|Crime|Drama|Thriller
50,Usual Suspects,1995,Crime|Mystery|Thriller
296,Pulp Fiction,1994,Comedy|Crime|Drama|Thriller
2858,American Beauty,1999,Drama|Romance
47,Seven (a.k.a. Se7en),1995,Mystery|Thriller
260,Star Wars: Episode IV - A New Hope,1977,Action|Adventure|Sci-Fi
356,Forrest Gump,1994,Comedy|Drama|Romance|War
1196,Star Wars: Episode V - The Empire Strikes Back,1980,Action|Adventure|Sci-Fi
1198,Raiders of the Lost Ark (Indiana Jones and the Raiders of the Lost Ark),1981,Action|Adventure
1200,Aliens,1986,Action|Adventure|Horror|Sci-Fi
1210,Star Wars: Episode VI - Return of the Jedi,1983,Action|Adventure|Sci-Fi
2028,Saving Private Ryan,1998,Action|Drama|War
2571,Matrix,1999,Action|Sci-Fi|Thriller
1193,One Flew Over the Cuckoo's Nest,1975,Drama
541,Blade Runner,1982,Action|Sci-Fi|Thriller
527,Schindler's List,1993,Drama|War
4993,Lord of the Rings: The Fellowship of the Ring,2001,Adventure|Fantasy
110,Braveheart,1995,Action|Drama|War
150,Apollo 13,1995,Adventure|Drama|IMAX
457,Fugitive,1993,Thriller
480,Jurassic Park,1993,Action|Adventure|Sci-Fi|Thriller
589,Terminator 2: Judgment Day,1991,Action|Sci-Fi
318,Shawshank Redemption,1994,Crime|Drama
1197,Princess Bride,1987,Action|Adventure|Comedy|Fantasy|Romance
